patient_id,age,glucose,unit,cholesterol,bp
1,45,-0.13268229512537077,mg/dL,220.0,140.0
3,38,-0.5609076106600479,mmol/L,240.0,120.0
4,60,2.087745266906289,mg/dL,350.0,200.0
5,29,-0.6275204375209977,mmol/L,190.0,118.0
6,55,-0.5820545398222542,mg/dL,205.0,143.66666666666666
7,42,-0.779778327488883,mmol/L,180.0,110.0
8,70,1.294735423323553,mg/dL,400.0,210.0
9,34,-0.19572657769019836,mg/dL,175.0,115.0
10,48,-0.503810901922091,mmol/L,230.0,145.0
